{"time/training": 818.1628136634827, "training/train_loss_mean": 0.04958191793859005, "training/train_loss_std": 0.003284935882879557, "evaluation/target_3600_return_mean": 2608.4965207995338, "evaluation/target_3600_return_std": 533.7119502064089, "evaluation/target_3600_length_mean": 799.15, "evaluation/target_3600_length_std": 162.1993449431902, "evaluation/target_3600_noromalized_return_mean": 0.8077156011439524, "evaluation/target_3600_videos": [], "time/total": 37536.864757061005, "time/evaluation": 185.66557049751282, "training/action_error": 0.0424792617559433, "time/total_training_time": 31598.874725341797, "_timestamp": 1712849296.5965693, "_runtime": 37534.539835214615, "_step": 37}