{"time/training": 818.1311039924622, "training/train_loss_mean": 0.059822155098617075, "training/train_loss_std": 0.0042783647069093295, "evaluation/target_3600_return_mean": 2522.2937902430785, "evaluation/target_3600_return_std": 459.3261689746194, "evaluation/target_3600_length_mean": 773.2, "evaluation/target_3600_length_std": 135.19896449307592, "evaluation/target_3600_noromalized_return_mean": 0.7812289471452005, "evaluation/target_3600_videos": [], "time/total": 37498.539258003235, "time/evaluation": 168.44339513778687, "training/action_error": 0.055632028728723526, "time/total_training_time": 31484.008734464645, "_timestamp": 1712849258.2234883, "_runtime": 37495.96971344948, "_step": 37}